object,time
person,2026-05-03 15:17:03.250005
person,2026-05-03 15:17:03.289062
person,2026-05-03 15:17:03.533347
person,2026-05-03 15:17:03.541544
person,2026-05-03 15:17:03.698115
person,2026-05-03 15:17:03.708010
person,2026-05-03 15:17:03.849120
person,2026-05-03 15:17:03.857535
person,2026-05-03 15:17:03.865596
person,2026-05-03 15:17:04.013593
person,2026-05-03 15:17:04.020470
person,2026-05-03 15:17:04.027431
person,2026-05-03 15:17:04.148116
person,2026-05-03 15:17:04.155840
person,2026-05-03 15:17:04.164238
person,2026-05-03 15:17:04.287370
person,2026-05-03 15:17:04.294706
person,2026-05-03 15:17:04.458257
person,2026-05-03 15:17:04.467325
person,2026-05-03 15:17:04.475098
person,2026-05-03 15:17:04.612948
person,2026-05-03 15:17:04.621011
person,2026-05-03 15:17:04.745632
person,2026-05-03 15:17:04.752345
person,2026-05-03 15:17:04.879255
person,2026-05-03 15:17:04.886841
person,2026-05-03 15:17:04.893794
person,2026-05-03 15:17:05.025078
person,2026-05-03 15:17:05.032648
person,2026-05-03 15:17:05.039843
person,2026-05-03 15:17:05.263816
person,2026-05-03 15:17:05.272059
person,2026-05-03 15:17:05.281327
person,2026-05-03 15:17:05.438173
person,2026-05-03 15:17:05.447198
person,2026-05-03 15:17:05.454397
person,2026-05-03 15:17:05.595188
person,2026-05-03 15:17:05.752376
person,2026-05-03 15:17:05.762619
person,2026-05-03 15:17:05.770717
person,2026-05-03 15:17:05.933215
person,2026-05-03 15:17:05.941609
person,2026-05-03 15:17:05.950977
person,2026-05-03 15:17:06.104178
person,2026-05-03 15:17:06.112752
person,2026-05-03 15:17:06.241839
person,2026-05-03 15:17:06.248849
person,2026-05-03 15:17:06.386754
person,2026-05-03 15:17:06.394894
person,2026-05-03 15:17:06.402555
person,2026-05-03 15:17:06.534247
person,2026-05-03 15:17:06.541798
person,2026-05-03 15:17:06.668942
person,2026-05-03 15:17:06.678907
person,2026-05-03 15:17:06.686750
person,2026-05-03 15:17:06.817606
person,2026-05-03 15:17:06.825610
person,2026-05-03 15:17:06.835078
person,2026-05-03 15:17:06.962125
person,2026-05-03 15:17:06.968636
person,2026-05-03 15:17:07.105028
person,2026-05-03 15:17:07.114613
person,2026-05-03 15:17:07.259401
person,2026-05-03 15:17:07.267325
person,2026-05-03 15:17:07.478657
person,2026-05-03 15:17:07.487246
person,2026-05-03 15:17:07.638139
person,2026-05-03 15:17:07.789040
person,2026-05-03 15:17:07.797704
person,2026-05-03 15:17:07.805273
person,2026-05-03 15:17:07.813569
person,2026-05-03 15:17:07.959967
person,2026-05-03 15:17:07.968880
person,2026-05-03 15:17:08.116026
person,2026-05-03 15:17:08.124115
person,2026-05-03 15:17:08.263373
person,2026-05-03 15:17:08.270959
person,2026-05-03 15:17:08.279768
person,2026-05-03 15:17:08.411492
person,2026-05-03 15:17:08.418344
person,2026-05-03 15:17:08.551363
person,2026-05-03 15:17:08.559146
person,2026-05-03 15:17:08.690893
person,2026-05-03 15:17:08.698144
person,2026-05-03 15:17:08.705124
person,2026-05-03 15:17:08.832655
person,2026-05-03 15:17:08.839704
person,2026-05-03 15:17:08.963704
person,2026-05-03 15:17:08.970654
person,2026-05-03 15:17:09.103396
person,2026-05-03 15:17:09.112247
person,2026-05-03 15:17:09.239353
person,2026-05-03 15:17:09.249254
person,2026-05-03 15:17:09.257166
person,2026-05-03 15:17:09.390991
person,2026-05-03 15:17:09.398276
person,2026-05-03 15:17:09.406163
person,2026-05-03 15:17:09.551616
person,2026-05-03 15:17:09.559297
person,2026-05-03 15:17:09.566690
person,2026-05-03 15:17:09.711197
person,2026-05-03 15:17:09.843424
person,2026-05-03 15:17:09.851243
person,2026-05-03 15:17:09.859199
person,2026-05-03 15:17:09.998980
person,2026-05-03 15:17:10.007855
person,2026-05-03 15:17:10.016334
person,2026-05-03 15:17:10.154921
person,2026-05-03 15:17:10.299999
person,2026-05-03 15:17:10.307441
person,2026-05-03 15:17:10.434038
person,2026-05-03 15:17:10.441930
person,2026-05-03 15:17:10.568731
person,2026-05-03 15:17:10.577161
person,2026-05-03 15:17:10.707806
person,2026-05-03 15:17:10.715821
person,2026-05-03 15:17:10.847124
person,2026-05-03 15:17:10.854481
person,2026-05-03 15:17:10.991296
person,2026-05-03 15:17:10.999395
person,2026-05-03 15:17:11.151234
person,2026-05-03 15:17:11.159410
person,2026-05-03 15:17:11.286551
person,2026-05-03 15:17:11.294235
person,2026-05-03 15:17:11.434020
person,2026-05-03 15:17:11.577096
person,2026-05-03 15:17:11.584136
person,2026-05-03 15:17:11.719325
person,2026-05-03 15:17:11.859076
person,2026-05-03 15:17:11.866438
person,2026-05-03 15:17:12.003825
person,2026-05-03 15:17:12.013440
person,2026-05-03 15:17:12.020993
person,2026-05-03 15:17:12.155706
person,2026-05-03 15:17:12.164657
person,2026-05-03 15:17:12.290892
person,2026-05-03 15:17:12.299381
person,2026-05-03 15:17:12.436834
person,2026-05-03 15:17:12.444243
person,2026-05-03 15:17:12.616699
person,2026-05-03 15:17:12.625116
person,2026-05-03 15:17:12.754689
person,2026-05-03 15:17:12.761827
person,2026-05-03 15:17:12.884674
person,2026-05-03 15:17:12.892309
person,2026-05-03 15:17:13.020363
person,2026-05-03 15:17:13.028329
person,2026-05-03 15:17:13.152613
person,2026-05-03 15:17:13.160772
person,2026-05-03 15:17:13.285135
person,2026-05-03 15:17:13.292862
person,2026-05-03 15:17:13.425176
person,2026-05-03 15:17:13.432846
person,2026-05-03 15:17:13.570606
person,2026-05-03 15:17:13.579817
person,2026-05-03 15:17:13.715704
person,2026-05-03 15:17:13.723458
person,2026-05-03 15:17:13.860276
person,2026-05-03 15:17:13.868538
person,2026-05-03 15:17:14.008483
person,2026-05-03 15:17:14.017278
person,2026-05-03 15:17:14.156730
person,2026-05-03 15:17:14.165531
person,2026-05-03 15:17:14.305677
person,2026-05-03 15:17:14.314027
person,2026-05-03 15:17:14.321471
person,2026-05-03 15:17:14.461168
person,2026-05-03 15:17:14.468752
person,2026-05-03 15:17:14.599933
person,2026-05-03 15:17:14.607712
person,2026-05-03 15:17:14.616542
person,2026-05-03 15:17:14.747169
person,2026-05-03 15:17:14.754795
person,2026-05-03 15:17:14.888361
person,2026-05-03 15:17:14.895480
person,2026-05-03 15:17:15.029938
person,2026-05-03 15:17:15.037789
person,2026-05-03 15:17:15.045202
person,2026-05-03 15:17:15.164108
person,2026-05-03 15:17:15.172475
person,2026-05-03 15:17:15.181174
person,2026-05-03 15:17:15.304152
person,2026-05-03 15:17:15.312565
person,2026-05-03 15:17:15.437451
person,2026-05-03 15:17:15.445078
person,2026-05-03 15:17:15.587028
person,2026-05-03 15:17:15.595153
person,2026-05-03 15:17:15.722464
person,2026-05-03 15:17:15.730911
person,2026-05-03 15:17:15.866268
person,2026-05-03 15:17:15.873496
person,2026-05-03 15:17:16.010426
person,2026-05-03 15:17:16.018275
person,2026-05-03 15:17:16.174764
person,2026-05-03 15:17:16.184301
person,2026-05-03 15:17:16.357881
person,2026-05-03 15:17:16.367678
person,2026-05-03 15:17:16.497268
person,2026-05-03 15:17:16.505746
person,2026-05-03 15:17:16.643869
person,2026-05-03 15:17:16.651791
person,2026-05-03 15:17:16.659540
person,2026-05-03 15:17:16.793031
person,2026-05-03 15:17:16.800413
person,2026-05-03 15:17:16.930875
person,2026-05-03 15:17:16.938895
person,2026-05-03 15:17:17.071181
person,2026-05-03 15:17:17.204310
person,2026-05-03 15:17:17.212508
person,2026-05-03 15:17:17.337763
person,2026-05-03 15:17:17.346060
person,2026-05-03 15:17:17.478807
person,2026-05-03 15:17:17.487980
person,2026-05-03 15:17:17.620343
person,2026-05-03 15:17:17.628271
person,2026-05-03 15:17:17.768106
person,2026-05-03 15:17:17.775864
person,2026-05-03 15:17:17.906235
person,2026-05-03 15:17:17.914904
person,2026-05-03 15:17:18.048418
person,2026-05-03 15:17:18.055042
person,2026-05-03 15:17:18.189044
person,2026-05-03 15:17:18.197234
person,2026-05-03 15:17:18.204755
person,2026-05-03 15:17:18.343178
person,2026-05-03 15:17:18.351681
person,2026-05-03 15:17:18.489084
person,2026-05-03 15:17:18.497785
person,2026-05-03 15:17:18.653175
person,2026-05-03 15:17:18.661091
person,2026-05-03 15:17:18.813048
person,2026-05-03 15:17:18.819291
person,2026-05-03 15:17:18.945617
person,2026-05-03 15:17:18.953378
person,2026-05-03 15:17:19.085771
person,2026-05-03 15:17:19.094210
person,2026-05-03 15:17:19.227878
person,2026-05-03 15:17:19.237037
person,2026-05-03 15:17:19.372946
person,2026-05-03 15:17:19.381617
person,2026-05-03 15:17:19.552268
person,2026-05-03 15:17:19.562580
person,2026-05-03 15:17:19.702310
person,2026-05-03 15:17:19.711864
person,2026-05-03 15:17:19.860828
person,2026-05-03 15:17:19.870468
person,2026-05-03 15:17:20.015887
person,2026-05-03 15:17:20.024321
person,2026-05-03 15:17:20.033729
person,2026-05-03 15:17:20.166208
person,2026-05-03 15:17:20.174348
person,2026-05-03 15:17:20.184676
person,2026-05-03 15:17:20.323946
person,2026-05-03 15:17:20.333035
person,2026-05-03 15:17:20.475780
person,2026-05-03 15:17:20.484918
person,2026-05-03 15:17:20.643251
person,2026-05-03 15:17:20.653209
person,2026-05-03 15:17:20.813527
person,2026-05-03 15:17:20.821096
person,2026-05-03 15:17:20.966542
person,2026-05-03 15:17:20.973696
person,2026-05-03 15:17:21.116181
person,2026-05-03 15:17:21.123288
person,2026-05-03 15:17:21.258515
person,2026-05-03 15:17:21.266718
person,2026-05-03 15:17:21.274684
person,2026-05-03 15:17:21.415449
person,2026-05-03 15:17:21.422709
person,2026-05-03 15:17:21.431143
person,2026-05-03 15:17:21.578964
person,2026-05-03 15:17:21.586888
person,2026-05-03 15:17:21.595456
person,2026-05-03 15:17:21.736894
person,2026-05-03 15:17:21.745003
person,2026-05-03 15:17:21.876107
person,2026-05-03 15:17:21.884058
person,2026-05-03 15:17:22.025269
person,2026-05-03 15:17:22.034115
person,2026-05-03 15:17:22.041608
person,2026-05-03 15:17:22.189078
person,2026-05-03 15:17:22.198724
person,2026-05-03 15:17:22.339537
person,2026-05-03 15:17:22.349583
person,2026-05-03 15:17:22.498803
person,2026-05-03 15:17:22.507602
person,2026-05-03 15:17:22.651344
person,2026-05-03 15:17:22.660160
person,2026-05-03 15:17:22.803348
person,2026-05-03 15:17:22.811567
person,2026-05-03 15:17:22.948936
person,2026-05-03 15:17:22.957816
person,2026-05-03 15:17:23.103462
person,2026-05-03 15:17:23.112306
person,2026-05-03 15:17:23.254190
person,2026-05-03 15:17:23.261935
person,2026-05-03 15:17:23.385163
person,2026-05-03 15:17:23.515668
person,2026-05-03 15:17:23.522579
person,2026-05-03 15:17:23.651912
person,2026-05-03 15:17:23.659812
person,2026-05-03 15:17:23.788759
person,2026-05-03 15:17:23.796597
person,2026-05-03 15:17:23.925562
person,2026-05-03 15:17:23.934503
person,2026-05-03 15:17:24.075350
person,2026-05-03 15:17:24.083715
person,2026-05-03 15:17:24.220358
person,2026-05-03 15:17:24.229378
person,2026-05-03 15:17:24.378003
person,2026-05-03 15:17:24.385852
person,2026-05-03 15:17:24.530054
person,2026-05-03 15:17:24.537794
person,2026-05-03 15:17:24.742343
person,2026-05-03 15:17:24.752685
person,2026-05-03 15:17:24.903438
person,2026-05-03 15:17:24.911918
person,2026-05-03 15:17:25.057497
person,2026-05-03 15:17:25.066691
person,2026-05-03 15:17:25.205158
person,2026-05-03 15:17:25.213724
person,2026-05-03 15:17:25.357875
person,2026-05-03 15:17:25.365212
person,2026-05-03 15:17:25.372975
person,2026-05-03 15:17:25.505472
person,2026-05-03 15:17:25.514986
person,2026-05-03 15:17:25.677322
person,2026-05-03 15:17:25.693666
person,2026-05-03 15:18:39.562508
